Workbook

Sheet Video Ideas
A1: ID | B1: Theme | C1: Sub-theme | D1: Video Idea | E1: Description / Format | F1: Project Relevance (1-5) | G1: Virality Potential (1-5) | H1: Priority Score (/10) | I1: Complexity (1-5) | J1: Est. Production Time | K1: Face Cam Required
A2: 1 | B2: Brand & Promo | C2: App launch | D2: Hero promo video | E2: Explain the Swappanini concept to camera with on-screen app demo (decide: keep UI overlay visible throughout, or cut away to clean talking-head) | F2: 5 | G2: 2 | H2: =F2+G2 -> 7 | I2: 3 | J2: 30-45 min | K2: Yes
A3: 2 | B3: Brand & Promo | C3: Community concept | D3: "Collective album" video | E3: Show the shared/community swap experience - multiple collectors' albums coming together visually | F3: 5 | G3: 3 | H3: =F3+G3 -> 8 | I3: 3 | J3: 30-45 min | K3: Optional
A4: 3 | B4: Collection Journey | C4: Best lineup | D4: My current best XI | E4: Your ideal starting XI built only from players whose stickers you currently own (not necessarily a complete album) - updates as the collection grows | F4: 5 | G4: 4 | H4: =F4+G4 -> 9 | I4: 1 | J4: 10-15 min | K4: Yes
A5: 4 | B5: Collection Journey | C5: Tips & tricks | D5: Coca-Cola pack-opening trick | E5: Lifehack technique using a Coca-Cola can/bottle to 'control' which sticker comes out of a pack | F5: 3 | G5: 5 | H5: =F5+G5 -> 8 | I5: 1 | J5: <1 min | K5: No
A6: 5 | B6: Collection Journey | C6: Tips & tricks | D6: Sticker placement tutorial + my fails | E6: Quick tutorial on how to glue stickers properly in the album, then a humorous segment showing your own badly-placed / crooked stickers | F6: 3 | G6: 4 | H6: =F6+G6 -> 7 | I6: 2 | J6: 10-15 min | K6: Optional
A7: 6 | B7: Collection Journey | C7: Collection showcase | D7: All my crests/badges | E7: Showcase the full crest/badge page of the album | F7: 4 | G7: 2 | H7: =F7+G7 -> 6 | I7: 1 | J7: 10-15 min | K7: Optional
A8: 7 | B8: Collection Journey | C8: Comedy/Showcase | D8: "Payday = packs" haul | E8: Already filmed - reframed as a 'when you get paid and immediately spend it all on packs' comedy format | F8: 3 | G8: 5 | H8: =F8+G8 -> 8 | I8: 1 | J8: Ready (0 min) | K8: Yes
A9: 8 | B9: Collection Journey | C9: Progress milestones | D9: Album completion: 50% | E9: Short progress update - album 50% complete | F9: 5 | G9: 4 | H9: =F9+G9 -> 9 | I9: 1 | J9: <1 min | K9: Yes
A10: 9 | B10: Collection Journey | C10: Progress milestones | D10: Album completion: 65% | E10: Short progress update - album 65% complete | F10: 5 | G10: 4 | H10: =F10+G10 -> 9 | I10: 1 | J10: <1 min | K10: Yes
A11: 10 | B11: Collection Journey | C11: Progress milestones | D11: Album completion: 75% | E11: Short progress update - album 75% complete | F11: 5 | G11: 4 | H11: =F11+G11 -> 9 | I11: 1 | J11: <1 min | K11: Yes
A12: 11 | B12: Collection Journey | C12: Progress milestones | D12: Album completion: 80% | E12: Short progress update - album 80% complete | F12: 5 | G12: 4 | H12: =F12+G12 -> 9 | I12: 1 | J12: <1 min | K12: Yes
A13: 12 | B13: Collection Journey | C13: Progress milestones | D13: Album completion: 85% | E13: Short progress update - album 85% complete | F13: 5 | G13: 4 | H13: =F13+G13 -> 9 | I13: 1 | J13: <1 min | K13: Yes
... A71: 70 | B71: Pack Opening Series | C71: Travel/location | D71: Pack opening - hotel room or community meetup | E71: Pack opening filmed in a hotel room or at a community meetup | F71: 4 | G71: 4 | H71: =F71+G71 -> 8 | I71: 2 | J71: 20-30 min | K71: Yes

Sheet Executive Summary
A1: Swappanini - Video Content Brainstorm: Executive Summary
A3: Key Stats
A4: Total ideas logged | B4: =COUNTA('Video Ideas'!A2:A71) -> 70
A5: Average Priority Score (/10) | B5: =ROUND(AVERAGE('Video Ideas'!H2:H71),1) -> 7.9
A6: Ideas ready to post NOW (no filming needed) | B6: =COUNTIF('Video Ideas'!J2:J71,"Ready (0 min)") -> 6
A7: Ideas requiring face cam | B7: =COUNTIF('Video Ideas'!K2:K71,"Yes") -> 45
A8: Quick wins (Priority >=9 AND Complexity =1) | B8: =COUNTIFS('Video Ideas'!H2:H71,">=9",'Video Ideas'!I2:I71,1) -> 12
A10: Breakdown by Theme
A11: Theme | B11: # Ideas | C11: Avg Priority | D11: Avg Complexity
A12: Brand & Promo | B12: =COUNTIF('Video Ideas'!B2:B71,A12) -> 2 | C12: =ROUND(AVERAGEIF('Video Ideas'!B2:B71,A12,'Video Ideas'!H2:H71),1) -> 7.5 | D12: =ROUND(AVERAGEIF('Video Ideas'!B2:B71,A12,'Video Ideas'!I2:I71),1) -> 3
A13: Collection Journey | B13: =COUNTIF('Video Ideas'!B2:B71,A13) -> 22 | C13: =ROUND(AVERAGEIF('Video Ideas'!B2:B71,A13,'Video Ideas'!H2:H71),1) -> 8.2 | D13: =ROUND(AVERAGEIF('Video Ideas'!B2:B71,A13,'Video Ideas'!I2:I71),1) -> 1.2
A14: Country Series (Complete Squad) | B14: =COUNTIF('Video Ideas'!B2:B71,A14) -> 11 | C14: =ROUND(AVERAGEIF('Video Ideas'!B2:B71,A14,'Video Ideas'!H2:H71),1) -> 7.3 | D14: =ROUND(AVERAGEIF('Video Ideas'!B2:B71,A14,'Video Ideas'!I2:I71),1) -> 1
A15: Humor & Sketches | B15: =COUNTIF('Video Ideas'!B2:B71,A15) -> 14 | C15: =ROUND(AVERAGEIF('Video Ideas'!B2:B71,A15,'Video Ideas'!H2:H71),1) -> 7.9 | D15: =ROUND(AVERAGEIF('Video Ideas'!B2:B71,A15,'Video Ideas'!I2:I71),1) -> 2.9
A16: Doubles & Swap Demo | B16: =COUNTIF('Video Ideas'!B2:B71,A16) -> 5 | C16: =ROUND(AVERAGEIF('Video Ideas'!B2:B71,A16,'Video Ideas'!H2:H71),1) -> 8.2 | D16: =ROUND(AVERAGEIF('Video Ideas'!B2:B71,A16,'Video Ideas'!I2:I71),1) -> 1.6
A17: Pack Opening Series | B17: =COUNTIF('Video Ideas'!B2:B71,A17) -> 16 | C17: =ROUND(AVERAGEIF('Video Ideas'!B2:B71,A17,'Video Ideas'!H2:H71),1) -> 7.8 | D17: =ROUND(AVERAGEIF('Video Ideas'!B2:B71,A17,'Video Ideas'!I2:I71),1) -> 1.7
A20: Quick Wins - Publish First (Priority >=9, Complexity =1)
A21: Video Idea | B21: Theme | C21: Priority | D21: Complexity | E21: Face Cam
A22: ='Video Ideas'!D4 -> My current best XI | B22: ='Video Ideas'!B4 -> Collection Journey | C22: ='Video Ideas'!H4 -> 9 | D22: ='Video Ideas'!I4 -> 1 | E22: ='Video Ideas'!K4 -> Yes
A23: ='Video Ideas'!D9 -> Album completion: 50% | B23: ='Video Ideas'!B9 -> Collection Journey | C23: ='Video Ideas'!H9 -> 9 | D23: ='Video Ideas'!I9 -> 1 | E23: ='Video Ideas'!K9 -> Yes
A24: ='Video Ideas'!D10 -> Album completion: 65% | B24: ='Video Ideas'!B10 -> Collection Journey | C24: ='Video Ideas'!H10 -> 9 | D24: ='Video Ideas'!I10 -> 1 | E24: ='Video Ideas'!K10 -> Yes
A25: ='Video Ideas'!D11 -> Album completion: 75% | B25: ='Video Ideas'!B11 -> Collection Journey | C25: ='Video Ideas'!H11 -> 9 | D25: ='Video Ideas'!I11 -> 1 | E25: ='Video Ideas'!K11 -> Yes
A26: ='Video Ideas'!D12 -> Album completion: 80% | B26: ='Video Ideas'!B12 -> Collection Journey | C26: ='Video Ideas'!H12 -> 9 | D26: ='Video Ideas'!I12 -> 1 | E26: ='Video Ideas'!K12 -> Yes
A27: ='Video Ideas'!D13 -> Album completion: 85% | B27: ='Video Ideas'!B13 -> Collection Journey | C27: ='Video Ideas'!H13 -> 9 | D27: ='Video Ideas'!I13 -> 1 | E27: ='Video Ideas'!K13 -> Yes
A28: ='Video Ideas'!D14 -> Album completion: 90% | B28: ='Video Ideas'!B14 -> Collection Journey | C28: ='Video Ideas'!H14 -> 9 | D28: ='Video Ideas'!I14 -> 1 | E28: ='Video Ideas'!K14 -> Yes
A29: ='Video Ideas'!D15 -> Album completion: 95% | B29: ='Video Ideas'!B15 -> Collection Journey | C29: ='Video Ideas'!H15 -> 9 | D29: ='Video Ideas'!I15 -> 1 | E29: ='Video Ideas'!K15 -> Yes
A30: ='Video Ideas'!D26 -> Complete squad: Brazil | B30: ='Video Ideas'!B26 -> Country Series (Complete Squad) | C30: ='Video Ideas'!H26 -> 9 | D30: ='Video Ideas'!I26 -> 1 | E30: ='Video Ideas'!K26 -> Optional
A31: ='Video Ideas'!D27 -> Complete squad: France | B31: ='Video Ideas'!B27 -> Country Series (Complete Squad) | C31: ='Video Ideas'!H27 -> 9 | D31: ='Video Ideas'!I27 -> 1 | E31: ='Video Ideas'!K27 -> Optional
A32: ='Video Ideas'!D52 -> "Exchange alert" live matching | B32: ='Video Ideas'!B52 -> Doubles & Swap Demo | C32: ='Video Ideas'!H52 -> 9 | D32: ='Video Ideas'!I52 -> 1 | E32: ='Video Ideas'!K52 -> Yes
A33: ='Video Ideas'!D64 -> Messi-themed pack opening | B33: ='Video Ideas'!B64 -> Pack Opening Series | C33: ='Video Ideas'!H64 -> 9 | D33: ='Video Ideas'!I64 -> 1 | E33: ='Video Ideas'!K64 -> Yes
A36: Big Bets - High Impact, Higher Effort (Flagship Content)
A37: Video Idea | B37: Theme | C37: Priority | D37: Complexity | E37: Face Cam
A38: ='Video Ideas'!D38 -> Eurostar pack delivery | B38: ='Video Ideas'!B38 -> Humor & Sketches | C38: ='Video Ideas'!H38 -> 8 | D38: ='Video Ideas'!I38 -> 4 | E38: ='Video Ideas'!K38 -> Yes
A39: ='Video Ideas'!D43 -> Treasure hunt #1 - Hide (Parc des Princes area) | B39: ='Video Ideas'!B43 -> Humor & Sketches | C39: ='Video Ideas'!H43 -> 9 | D39: ='Video Ideas'!I43 -> 4 | E39: ='Video Ideas'!K43 -> Yes
A40: ='Video Ideas'!D45 -> Treasure hunt #2 - Hide (Champs-Elysees sports store) | B40: ='Video Ideas'!B45 -> Humor & Sketches | C40: ='Video Ideas'!H45 -> 9 | D40: ='Video Ideas'!I45 -> 4 | E40: ='Video Ideas'!K45 -> Yes
A41: ='Video Ideas'!D47 -> Treasure hunt #3 - Hide (football-themed cafe/bar) | B41: ='Video Ideas'!B47 -> Humor & Sketches | C41: ='Video Ideas'!H47 -> 9 | D41: ='Video Ideas'!I47 -> 4 | E41: ='Video Ideas'!K47 -> Yes
A42: ='Video Ideas'!D69 -> Pack opening - on the Eurostar | B42: ='Video Ideas'!B69 -> Pack Opening Series | C42: ='Video Ideas'!H69 -> 8 | D42: ='Video Ideas'!I69 -> 4 | E42: ='Video Ideas'!K69 -> Yes
