Workbook

Sheet Video Ideas
A1: ID | B1: Theme | C1: Sub-theme | D1: Video Idea | E1: Description / Format | F1: Project Relevance (1-5) | G1: Virality Potential (1-5) | H1: Priority Score (/10) | I1: Complexity (1-5) | J1: Est. Production Time | K1: Face Cam Required
A2: 1 | B2: Brand & Promo | C2: App launch | D2: Hero promo video | E2: Explain the Swappanini concept to camera with on-screen app demo (decide: keep UI overlay visible throughout, or cut away to clean talking-head) | F2: 5 | G2: 2 | H2: =F2+G2 -> 7 | I2: 3 | J2: 30-45 min | K2: Yes
A3: 2 | B3: Brand & Promo | C3: Community concept | D3: "Collective album" video | E3: Show the shared/community swap experience - multiple collectors' albums coming together visually | F3: 5 | G3: 3 | H3: =F3+G3 -> 8 | I3: 3 | J3: 30-45 min | K3: Optional
A4: 3 | B4: Collection Journey | C4: Player content | D4: Chant videos for players | E4: Short chants/songs dedicated to players whose stickers you have | F4: 3 | G4: 4 | H4: =F4+G4 -> 7 | I4: 1 | J4: 10-15 min | K4: Optional
A5: 4 | B5: Collection Journey | C5: Completion countdown | D5: "My last 11 stickers" | E5: Reveal the final 11 missing stickers needed to complete the album | F5: 5 | G5: 4 | H5: =F5+G5 -> 9 | I5: 1 | J5: 10-15 min | K5: Yes
A6: 5 | B6: Collection Journey | C6: Tips & tricks | D6: Coca-Cola pack-opening trick | E6: Lifehack technique using a Coca-Cola can/bottle to 'control' which sticker comes out of a pack | F6: 3 | G6: 5 | H6: =F6+G6 -> 8 | I6: 1 | J6: <1 min | K6: No
A7: 6 | B7: Collection Journey | C7: Bloopers | D7: "It's badly glued" | E7: Quick funny fail - a sticker glued wrong/crooked in the album | F7: 2 | G7: 4 | H7: =F7+G7 -> 6 | I7: 1 | J7: <1 min | K7: No
A8: 7 | B8: Collection Journey | C8: Collection showcase | D8: All my crests/badges | E8: Showcase the full crest/badge page of the album | F8: 4 | G8: 2 | H8: =F8+G8 -> 6 | I8: 1 | J8: 10-15 min | K8: Optional
A9: 8 | B9: Collection Journey | C9: Collection showcase | D9: All the packs I've bought | E9: Haul-style video of every pack purchased so far | F9: 3 | G9: 3 | H9: =F9+G9 -> 6 | I9: 1 | J9: 10-15 min | K9: Optional
A10: 9 | B10: Collection Journey | C10: Progress milestones | D10: Album completion % series | E10: Recurring short updates at 50/65/75/80/85/90/95/100% completion (series of 8 short videos) | F10: 5 | G10: 4 | H10: =F10+G10 -> 9 | I10: 1 | J10: <1 min each | K10: Yes
A11: 10 | B11: Country Series (Complete Squad) | C11: Team set | D11: Complete squad: Brazil | E11: Lay out and film every sticker for this national team | F11: 4 | G11: 5 | H11: =F11+G11 -> 9 | I11: 1 | J11: 10-15 min | K11: Optional
A12: 11 | B12: Country Series (Complete Squad) | C12: Team set | D12: Complete squad: France | E12: Lay out and film every sticker for this national team (home audience) | F12: 4 | G12: 5 | H12: =F12+G12 -> 9 | I12: 1 | J12: 10-15 min | K12: Optional
A13: 12 | B13: Country Series (Complete Squad) | C13: Team set | D13: Complete squad: England | E13: Lay out and film every sticker for this national team | F13: 4 | G13: 4 | H13: =F13+G13 -> 8 | I13: 1 | J13: 10-15 min | K13: Optional
... A45: 44 | B45: Pack Opening Series | C45: Live reaction | D45: 2 packs during Scotland/Morocco match | E45: Open 2 packs live during the Scotland-Morocco match | F45: 4 | G45: 4 | H45: =F45+G45 -> 8 | I45: 2 | J45: 20 min (match-timed) | K45: Yes

Sheet Executive Summary
A1: Swappanini - Video Content Brainstorm: Executive Summary
A3: Key Stats
A4: Total ideas logged | B4: =COUNTA('Video Ideas'!A2:A45) -> 44
A5: Average Priority Score (/10) | B5: =ROUND(AVERAGE('Video Ideas'!H2:H45),1) -> 7.5
A6: Ideas ready to post NOW (no filming needed) | B6: =COUNTIF('Video Ideas'!J2:J45,"Ready (0 min)") -> 3
A7: Ideas requiring face cam | B7: =COUNTIF('Video Ideas'!K2:K45,"Yes") -> 24
A8: Quick wins (Priority >=8 AND Complexity <=2) | B8: =COUNTIFS('Video Ideas'!H2:H45,">=8",'Video Ideas'!I2:I45,"<=2") -> 15
A10: Breakdown by Theme
A11: Theme | B11: # Ideas | C11: Avg Priority | D11: Avg Complexity
A12: Brand & Promo | B12: =COUNTIF('Video Ideas'!B2:B45,A12) -> 2 | C12: =ROUND(AVERAGEIF('Video Ideas'!B2:B45,A12,'Video Ideas'!H2:H45),1) -> 7.5 | D12: =ROUND(AVERAGEIF('Video Ideas'!B2:B45,A12,'Video Ideas'!I2:I45),1) -> 3
A13: Collection Journey | B13: =COUNTIF('Video Ideas'!B2:B45,A13) -> 7 | C13: =ROUND(AVERAGEIF('Video Ideas'!B2:B45,A13,'Video Ideas'!H2:H45),1) -> 7.3 | D13: =ROUND(AVERAGEIF('Video Ideas'!B2:B45,A13,'Video Ideas'!I2:I45),1) -> 1
A14: Country Series (Complete Squad) | B14: =COUNTIF('Video Ideas'!B2:B45,A14) -> 11 | C14: =ROUND(AVERAGEIF('Video Ideas'!B2:B45,A14,'Video Ideas'!H2:H45),1) -> 7.3 | D14: =ROUND(AVERAGEIF('Video Ideas'!B2:B45,A14,'Video Ideas'!I2:I45),1) -> 1
A15: Humor & Sketches | B15: =COUNTIF('Video Ideas'!B2:B45,A15) -> 9 | C15: =ROUND(AVERAGEIF('Video Ideas'!B2:B45,A15,'Video Ideas'!H2:H45),1) -> 7.6 | D15: =ROUND(AVERAGEIF('Video Ideas'!B2:B45,A15,'Video Ideas'!I2:I45),1) -> 3.3
A16: Doubles & Swap Demo | B16: =COUNTIF('Video Ideas'!B2:B45,A16) -> 5 | C16: =ROUND(AVERAGEIF('Video Ideas'!B2:B45,A16,'Video Ideas'!H2:H45),1) -> 8 | D16: =ROUND(AVERAGEIF('Video Ideas'!B2:B45,A16,'Video Ideas'!I2:I45),1) -> 1.6
A17: Pack Opening Series | B17: =COUNTIF('Video Ideas'!B2:B45,A17) -> 10 | C17: =ROUND(AVERAGEIF('Video Ideas'!B2:B45,A17,'Video Ideas'!H2:H45),1) -> 7.7 | D17: =ROUND(AVERAGEIF('Video Ideas'!B2:B45,A17,'Video Ideas'!I2:I45),1) -> 1.6
A20: Quick Wins - Publish First (High Priority, Low Complexity)
A21: Video Idea | B21: Theme | C21: Priority | D21: Complexity | E21: Face Cam
A22: ='Video Ideas'!D4 -> Chant videos for players | B22: ='Video Ideas'!B4 -> Collection Journey | C22: ='Video Ideas'!H4 -> 7 | D22: ='Video Ideas'!I4 -> 1 | E22: ='Video Ideas'!K4 -> Optional
A23: ='Video Ideas'!D5 -> "My last 11 stickers" | B23: ='Video Ideas'!B5 -> Collection Journey | C23: ='Video Ideas'!H5 -> 9 | D23: ='Video Ideas'!I5 -> 1 | E23: ='Video Ideas'!K5 -> Yes
A24: ='Video Ideas'!D9 -> All the packs I've bought | B24: ='Video Ideas'!B9 -> Collection Journey | C24: ='Video Ideas'!H9 -> 6 | D24: ='Video Ideas'!I9 -> 1 | E24: ='Video Ideas'!K9 -> Optional
A25: ='Video Ideas'!D10 -> Album completion % series | B25: ='Video Ideas'!B10 -> Collection Journey | C25: ='Video Ideas'!H10 -> 9 | D25: ='Video Ideas'!I10 -> 1 | E25: ='Video Ideas'!K10 -> Yes
A26: ='Video Ideas'!D11 -> Complete squad: Brazil | B26: ='Video Ideas'!B11 -> Country Series (Complete Squad) | C26: ='Video Ideas'!H11 -> 9 | D26: ='Video Ideas'!I11 -> 1 | E26: ='Video Ideas'!K11 -> Optional
A27: ='Video Ideas'!D24 -> "Forget your boyfriend while shopping" | B27: ='Video Ideas'!B24 -> Humor & Sketches | C27: ='Video Ideas'!H24 -> 6 | D27: ='Video Ideas'!I24 -> 3 | E27: ='Video Ideas'!K24 -> Yes
A28: ='Video Ideas'!D30 -> "Pack dealer" at the bottom of the block | B28: ='Video Ideas'!B30 -> Humor & Sketches | C28: ='Video Ideas'!H30 -> 8 | D28: ='Video Ideas'!I30 -> 3 | E28: ='Video Ideas'!K30 -> Yes
A29: ='Video Ideas'!D31 -> "My best XI in doubles" | B29: ='Video Ideas'!B31 -> Doubles & Swap Demo | C29: ='Video Ideas'!H31 -> 8 | D29: ='Video Ideas'!I31 -> 1 | E29: ='Video Ideas'!K31 -> Optional
A30: ='Video Ideas'!D41 -> Pack-opening duel | B30: ='Video Ideas'!B41 -> Pack Opening Series | C30: ='Video Ideas'!H41 -> 8 | D30: ='Video Ideas'!I41 -> 2 | E30: ='Video Ideas'!K41 -> Yes
A33: Big Bets - High Impact, Higher Effort (Flagship Content)
A34: Video Idea | B34: Theme | C34: Priority | D34: Complexity | E34: Face Cam
A35: ='Video Ideas'!D22 -> Sticker pack "Uber Eats" delivery | B35: ='Video Ideas'!B22 -> Humor & Sketches | C35: ='Video Ideas'!H22 -> 8 | D35: ='Video Ideas'!I22 -> 3 | E35: ='Video Ideas'!K22 -> Yes
A36: ='Video Ideas'!D27 -> 7 countries / 7 meals | B36: ='Video Ideas'!B27 -> Humor & Sketches | C36: ='Video Ideas'!H27 -> 6 | D36: ='Video Ideas'!I27 -> 5 | E36: ='Video Ideas'!K27 -> Yes
A37: ='Video Ideas'!D43 -> 2 packs during France match | B37: ='Video Ideas'!B43 -> Pack Opening Series | C37: ='Video Ideas'!H43 -> 9 | D37: ='Video Ideas'!I43 -> 2 | E37: ='Video Ideas'!K43 -> Yes
